
insert into Book values (1, 'Jumanji', 'Harpers Publishing')
insert into Book values (2, 'Treasure Island', 'Harpers Publishing')
insert into Book values (3, 'The Lost Tribe', 'Penguin Publishing')
insert into Book values (4, 'The Mythical Man Month', 'Johnson Publishing')
insert into Book values (5, 'Pragatic Programming', 'New Day Publishing')
insert into Book values (6, 'Physics', 'Merrill Publishing')
insert into Book values (7, 'Math', 'Harpers Publishing')
insert into Book values (8, 'Science', 'Balzac Publishing')
insert into Book values (9, 'Galileo', 'Johnson Publishing')
insert into Book values (10, 'Obelisk of Axum', 'Trinity Publishing')
insert into Book values (11, 'Horses', 'Penguin Publishing')
insert into Book values (12, 'Oceans', 'New World Publishing')
insert into Book values (13, 'Whales', 'Oceanic Publishing')
insert into Book values (14, 'Fish', 'Oceans Publishing')
insert into Book values (15, 'Penguins', 'Penguin Publishing')
insert into Book values (16, 'Earthquakes', 'New Day Publishing')
insert into Book values (17, 'Hasselhof', 'Alleman Publishing')
insert into Book values (18, 'Children', 'Harpers Publishing')
insert into Book values (19, 'Dogs', 'Alleman Publishing')
insert into Book values (20, 'Hotel California', 'New Age Publishing')
insert into Book values (21, 'Rocko', 'Big Up Publishing')
insert into Book values (22, 'Midnite', 'Big Up Publishing')


insert into Library_Branch values (1, 'Sharpstown', '123 Main Street')
insert into Library_Branch values (2, 'Central', '5277 Hawethorne Street')
insert into Library_Branch values (3, 'Sellwood', '342 Central Ave')
insert into Library_Branch values (4, 'Brooklyn', '6589 Tacoma Street')


insert into Book_Copies values (16,1,5)
insert into Book_Copies values (17,1,4)
insert into Book_Copies values (12,1,3)
insert into Book_Copies values (13,1,7)
insert into Book_Copies values (10,1,2)
insert into Book_Copies values (8,1,2)
insert into Book_Copies values (1,1,6)
insert into Book_Copies values (7,3,6)
insert into Book_Copies values (5,4,2)
insert into Book_Copies values (9,2,5)
insert into Book_Copies values (11,1,2)
insert into Book_Copies values (22,1,3)
insert into Book_Copies values (18,2,4)
insert into Book_Copies values (12,2,5)
insert into Book_Copies values (4,4,3)
insert into Book_Copies values (8,3,4)
insert into Book_Copies values (21,3,2)
insert into Book_Copies values (6,2,4)
insert into Book_Copies values (3,3,6)
insert into Book_Copies values (10,4,4)
insert into Book_Copies values (2,1,6)
insert into Book_Copies values (13,2,3)
insert into Book_Copies values (15,3,5)
insert into Book_Copies values (17,4,6)
insert into Book_Copies values (16,4,8)
insert into Book_Copies values (19,1,11)
insert into Book_Copies values (16,1,5)
insert into Book_Copies values (17,1,4)
insert into Book_Copies values (12,1,3)
insert into Book_Copies values (13,1,7)
insert into Book_Copies values (10,1,2)
insert into Book_Copies values (8,1,2)
insert into Book_Copies values (16,1,5)
insert into Book_Copies values (17,2,4)
insert into Book_Copies values (11,2,3)
insert into Book_Copies values (14,2,7)
insert into Book_Copies values (10,2,2)
insert into Book_Copies values (8,2,2)
insert into Book_Copies values (16,3,5)
insert into Book_Copies values (1,3,4)
insert into Book_Copies values (12,3,3)
insert into Book_Copies values (9,3,7)
insert into Book_Copies values (10,3,2)
insert into Book_Copies values (2,3,2)
insert into Book_Copies values (16,4,5)
insert into Book_Copies values (3,4,4)
insert into Book_Copies values (11,4,3)
insert into Book_Copies values (13,4,7)
insert into Book_Copies values (2,4,2)
insert into Book_Copies values (7,4,2)


insert into Publisher values ('Harpers Publishing','1234 Youngstown', '505-867-5309')
insert into Publisher values ('Penguin Publishing','4536 Main Street', '805-123-4567')
insert into Publisher values ('Johnson Publishing','888 Pennsylvania Blvd', '555-905-2309')
insert into Publisher values ('New Day Publishing','12 Sideways Rd', '333-221-4529')
insert into Publisher values ('Merrill Publishing','9456 Beaverton Way', '532-984-7777')
insert into Publisher values ('Balzac Publishing','2387 Wise Rd', '222-342-2139')
insert into Publisher values ('Trinity Publishing','5 Truth Way', '575-545-7789')
insert into Publisher values ('New World Publishing','732 Bobsand Ct', '111-333-4545')
insert into Publisher values ('Oceanic Publishing','333 Bard Rd', '342-432-6767')
insert into Publisher values ('Oceans Publishing','87 New Ct.', '767-745-7654')
insert into Publisher values ('Alleman Publishing','7 LightView Rd', '888-888-8888')
insert into Publisher values ('New Age Publishing','3543 Jamestown Ave', '212-353-3633')
insert into Publisher values ('Big Up Publishing','8322 Gondola Rd', '575-898-8989')


INSERT INTO Book_Authors VALUES (1, 'Stephen King')
INSERT INTO Book_Authors VALUES (2, 'Bob Johnson')
INSERT INTO Book_Authors VALUES (3, 'Angel Grey')
INSERT INTO Book_Authors VALUES (4, 'Susan Boyle')
INSERT INTO Book_Authors VALUES (5, 'Jimmy Cliff')
INSERT INTO Book_Authors VALUES (6, 'Robert Nesta')
INSERT INTO Book_Authors VALUES (7, 'Darcy Young')
INSERT INTO Book_Authors VALUES (8, 'Dorian Grey')
INSERT INTO Book_Authors VALUES (10, 'Barbara Johnson')
INSERT INTO Book_Authors VALUES (11, 'Robert Gowler')
INSERT INTO Book_Authors VALUES (12, 'Gary Chrisman')
INSERT INTO Book_Authors VALUES (13, 'Lakshman Garin')
INSERT INTO Book_Authors VALUES (14, 'Anna Truxes')
INSERT INTO Book_Authors VALUES (15, 'Dylan Trachtman')


INSERT INTO Book_Loans VALUES (2, 2, 123, '1/4/16', '2/4/16')
INSERT INTO Book_Loans VALUES (7, 2, 101, '1/5/16', '2/5/16')
INSERT INTO Book_Loans VALUES (9, 4, 111, '1/6/16', '2/6/16')
INSERT INTO Book_Loans VALUES (3, 3, 101, '1/6/16', '2/6/16')
INSERT INTO Book_Loans VALUES (5, 3, 101, '1/7/16', '2/7/16')
INSERT INTO Book_Loans VALUES (11, 1, 104, '1/8/16', '2/8/16')
INSERT INTO Book_Loans VALUES (13, 2, 105, '1/7/16', '2/7/16')
INSERT INTO Book_Loans VALUES (15, 1, 106, '1/8/16', '2/8/16')
INSERT INTO Book_Loans VALUES (19, 4, 107, '1/1/16', '2/1/16')
INSERT INTO Book_Loans VALUES (21, 2, 108, '1/2/16', '2/2/16')
INSERT INTO Book_Loans VALUES (22, 1, 109, '1/9/16', '2/9/16')
INSERT INTO Book_Loans VALUES (8, 4, 101, '1/4/16', '2/4/16')
INSERT INTO Book_Loans VALUES (6, 3, 101, '1/5/16', '2/5/16')
INSERT INTO Book_Loans VALUES (3, 3, 101, '1/5/16', '2/5/16')
INSERT INTO Book_Loans VALUES (7, 2, 102, '2/4/16', '3/4/16')
INSERT INTO Book_Loans VALUES (6, 2, 102, '2/5/16', '3/5/16')
INSERT INTO Book_Loans VALUES (5, 4, 102, '2/6/16', '3/6/16')
INSERT INTO Book_Loans VALUES (4, 3, 102, '2/6/16', '3/6/16')
INSERT INTO Book_Loans VALUES (3, 3, 102, '2/7/16', '3/7/16')
INSERT INTO Book_Loans VALUES (2, 1, 102, '2/8/16', '3/8/16')
INSERT INTO Book_Loans VALUES (11, 2, 103, '2/7/16', '3/7/16')
INSERT INTO Book_Loans VALUES (13, 1, 103, '2/8/16', '3/8/16')
INSERT INTO Book_Loans VALUES (12, 4, 103, '2/1/16', '3/1/16')
INSERT INTO Book_Loans VALUES (21, 2, 104, '2/2/16', '3/2/16')
INSERT INTO Book_Loans VALUES (22, 1, 104, '2/9/16', '3/9/16')
INSERT INTO Book_Loans VALUES (20, 4, 104, '2/4/16', '3/4/16')
INSERT INTO Book_Loans VALUES (9, 3, 104, '2/5/16', '3/5/16')
INSERT INTO Book_Loans VALUES (6, 3, 104, '2/5/16', '3/5/16')
INSERT INTO Book_Loans VALUES (2, 2, 104, '1/4/16', '2/4/16')
INSERT INTO Book_Loans VALUES (7, 2, 105, '1/5/16', '2/5/16')
INSERT INTO Book_Loans VALUES (9, 4, 105, '1/6/16', '2/6/16')
INSERT INTO Book_Loans VALUES (3, 3, 106, '1/6/16', '2/6/16')
INSERT INTO Book_Loans VALUES (5, 3, 106, '1/7/16', '2/7/16')
INSERT INTO Book_Loans VALUES (11, 1, 106, '1/8/16', '2/8/16')
INSERT INTO Book_Loans VALUES (13, 2, 106, '1/7/16', '2/7/16')
INSERT INTO Book_Loans VALUES (15, 1, 106, '1/8/16', '2/8/16')
INSERT INTO Book_Loans VALUES (19, 4, 106, '1/1/16', '2/1/16')
INSERT INTO Book_Loans VALUES (21, 2, 106, '1/2/16', '2/2/16')
INSERT INTO Book_Loans VALUES (22, 1, 106, '1/9/16', '2/9/16')
INSERT INTO Book_Loans VALUES (8, 4, 106, '1/4/16', '2/4/16')
INSERT INTO Book_Loans VALUES (6, 3, 106, '1/5/16', '2/5/16')
INSERT INTO Book_Loans VALUES (3, 3, 107, '1/5/16', '2/5/16')
INSERT INTO Book_Loans VALUES (7, 2, 106, '2/4/16', '3/4/16')
INSERT INTO Book_Loans VALUES (6, 2, 160, '2/5/16', '3/5/16')
INSERT INTO Book_Loans VALUES (5, 4, 161, '2/6/16', '3/6/16')
INSERT INTO Book_Loans VALUES (4, 3, 162, '2/6/16', '3/6/16')
INSERT INTO Book_Loans VALUES (3, 3, 163, '2/7/16', '3/7/16')
INSERT INTO Book_Loans VALUES (2, 1, 164, '2/8/16', '3/8/16')
INSERT INTO Book_Loans VALUES (11, 2, 165, '2/7/16', '3/7/16')
INSERT INTO Book_Loans VALUES (13, 1, 166, '2/8/16', '3/8/16')
INSERT INTO Book_Loans VALUES (12, 4, 167, '2/1/16', '3/1/16')
INSERT INTO Book_Loans VALUES (21, 2, 168, '2/2/16', '3/2/16')
INSERT INTO Book_Loans VALUES (22, 1, 169, '2/9/16', '3/9/16')
INSERT INTO Book_Loans VALUES (20, 4, 170, '2/4/16', '3/4/16')
INSERT INTO Book_Loans VALUES (9, 3, 171, '2/5/16', '3/5/16')
INSERT INTO Book_Loans VALUES (6, 3, 172, '2/5/16', '3/5/16')


INSERT INTO Borrower VALUES (101, 'Bob Eves', '12 Light Rd', '354-485-9595')
INSERT INTO Borrower VALUES (102, 'Albert Weiss', '3 Grand Ave', '333-333-3333')
INSERT INTO Borrower VALUES (103, 'Jay Brumley', '76 Easy Rider Lane', '444-444-4444')
INSERT INTO Borrower VALUES (104, 'Nick Stotes', '2133 Johnson Rd', '555-555-5555')
INSERT INTO Borrower VALUES (105, 'Jason Day', '566 Tacoma St', '232-347-5755')
INSERT INTO Borrower VALUES (106, 'Arnold Palmer', '18 Gondor Rd', '898-698-6854')
INSERT INTO Borrower VALUES (107, 'Bill Swift', '7685 Shire Ave', '565-675-6877')
INSERT INTO Borrower VALUES (108, 'Joanne Mets', '7968 Tolkien Way', '512-212-3232')
INSERT INTO Borrower VALUES (109, 'Chris Taylor', '1 Mirthwood Dr', '323-455-6654')
